Setting Name,City,Number of Confirmed Staff,Number of Confirmed Residents,Total Deaths
3rd Ave ARF,"Los Angeles, CA",4,2,0
218th Street House,"Torrance, CA",2,3,0
A and M 3 Home Care,"Claremont, CA",3,3,0
A and M Aurora Home Care,"Claremont, CA",12,4,0
A Helping Hand South Bay,"Hawthorne, CA",2,3,1
A Step in The Right Direction,"Winnetka, CA",0,3,0
AACRES CA LLC - Nectar,"Lakewood, CA",3,2,0
Abbey Road Villa,"Sylmar, CA",0,16,1
Abel & Davit Hayrapetyan's Community Care Facility,"Arleta, CA",2,2,0
Able & Available Home Care,"Granada Hills, CA",0,2,0
Activities Recreation & Care For Individuals With Developmental Disabilities,"North Hollywood, CA",3,0,0
Adventist Health Glendale - Surgical Unit,"Glendale, CA",1,7,0
Adventist Health White Memorial Medical Center,"Los Angeles, CA",12,5,0
Adventist Health White Memorial Medical Center D/P SNF,"Los Angeles, CA",0,1,0
Aegis Living Granada Hills,"Granada Hills, CA",18,24,1
Affinity Healthcare Center,"Paramount, CA",33,8,0
Alameda Care Center,"Burbank, CA",1,6,0
Alcoholism Center For Women,"Los Angeles, CA",3,13,0
Alcott Rehabilitation Hospital,"Los Angeles, CA",36,54,11
Alden Terrace Convalescent Hospital,"Los Angeles, CA",14,6,0
Alderbrook Health Facility,"Lancaster, CA",2,3,0
Alexandria Care Center,"Los Angeles, CA",13,10,4
Alford Home,"San Dimas, CA",7,3,0
"Alhambra Healthcare & Wellness Centre, LP","Alhambra, CA",19,29,0
Alice's House,"Whittier, CA",2,4,0
Alvarado Care Center (Previously Emerald Terrace Convalescent Hospital),"Los Angeles, CA",23,48,2
Amazing Effort,"Windsor Hills, CA",4,0,0
Ambassador Garden,"Reseda, CA",7,12,1
Ambitions - Devlin Facility,"Lakewood, CA",3,2,0
Ambitions - Verdugo House 1,"Burbank, CA",2,0,0
Amigo Home Care,"Reseda, CA",3,1,0
Amistad de Los Angeles,"Los Angeles, CA",13,58,0
"Anamar Senior Care, Inc.","Northridge, CA",2,1,0
Angelica Guest Home,"Lynwood, CA",0,16,2
Angels Nursing Health Center,"Los Angeles, CA",17,35,1
Anne Sippi Clinic,"Los Angeles, CA",6,0,0
Ano One Facility For Elderly,"Panorama City, CA",3,5,1
Antelope Valley Care Center,"Lancaster, CA",49,17,2
Antelope Valley Retirement Villa,"Lancaster, CA",11,17,0
Anza Home Care,"Torrance, CA",0,2,0
Ararat Home of Los Angeles,"Mission Hills, CA",0,2,0
Ararat Nursing Facility,"Mission Hills, CA",72,61,17
Arbor Glen Care Center,"Glendora, CA",40,43,4
Arc's Transitional Housing Program,"Sylmar, CA",2,3,0
Arcadia Gardens Retirement Hotel,"Arcadia, CA",2,0,0
Arcadia Gardens Retirement Hotel (Memory Care Unit),"Arcadia, CA",0,1,0
Arcadia Health Care Center,"Arcadia, CA",35,30,4
Arcadia Living,"Arcadia, CA",15,27,3
Arcadia Retirement Village,"Arcadia, CA",6,2,0
Arcadian Retirement Center,"Arcadia, CA",6,40,6
Artesia Christian Home (RCFE),"Artesia, CA",2,2,0
Artesia Christian Home (SNF),"Artesia, CA",10,2,0
Ashley's Garden Elderly Care,"North Hollywood, CA",0,3,0
Ashnar Home,"Arleta, CA",2,4,0
Astoria Nursing and Rehab Center,"Sylmar, CA",56,61,13
Atherton Baptist Home - Sam B. West (SNF),"Alhambra, CA",27,36,0
Atherton Baptist Homes (RCFE),"Alhambra, CA",12,6,0
Atria Covina,"Covina, CA",8,15,0
Atria Santa Clarita,"Santa Clarita, CA",32,29,2
Atria Tarzana,"Tarzana, CA",17,21,5
Auerbach Geriatric Psychiatric Unit,"Reseda, CA",2,2,1
Autumn Hills Health Care Center,"Glendale, CA",27,40,7
Avalon Villa Care Center,"Los Angeles, CA",0,1,0
Baldwin Gardens Nursing Center,"Temple City, CA",27,36,1
Be Well Senior Living,"Tarzana, CA",2,5,1
Beachside Post Acute (Previously Royalwood Care Center),"Torrance, CA",8,4,0
Beachwood Post Acute & Rehab,"Santa Monica, CA",15,36,3
Beacon of Hope,"Los Angeles, CA",0,3,0
Beit T'shuvah,"Los Angeles, CA",0,3,0
Bel Tooren Villa Convalescent Hospital,"Bellflower, CA",17,14,0
Bell Convalescent Hospital,"Bell, CA",11,15,0
Bell Gardens Manor,"Bell Gardens, CA",5,15,0
Bellflower Post Acute,"Bellflower, CA",24,35,1
Belmont Village Burbank,"Burbank, CA",23,32,8
Belmont Village Calabasas,"Calabasas, CA",55,64,3
Belmont Village Encino,"Sherman Oaks, CA",12,6,1
Belmont Village Hollywood,"Los Angeles, CA",10,3,0
Belmont Village Rancho Palos Verdes,"Rancho Palos Verdes, CA",3,3,1
Belmont Village Westwood,"Los Angeles, CA",53,30,3
Ben T's Family Care,"Carson, CA",1,1,0
Berkley East Convalescent Hospital,"Santa Monica, CA",4,4,0
Berkley Valley Convalescent Hospital (1),"Van Nuys, CA",6,4,0
Berkley Valley Convalescent Hospital (2),"Van Nuys, CA",1,2,0
Berkley West Convalescent Hospital,"Santa Monica, CA",13,11,2
Best Life Sober Living - Women's House,"Winnetka, CA",0,3,0
Beverly Hills Carmel North,"West Hollywood, CA",4,2,1
Beverly Hills Carmel South,"West Hollywood, CA",16,14,2
Beverly Hills Loving Care - Wooster St,"Los Angeles, CA",4,0,0
Bimini House,"Los Angeles, CA",4,0,0
Bixby Knoll Place II,"Gardena, CA",5,4,1
Blessed Blissful Home Care (RCFE),"Carson, CA",1,4,0
Bonnie Brae Convalescent Hospital,"Los Angeles, CA",12,6,2
"Bourne, Inc.","Altadena, CA",5,3,0
Boys Republic Pomona House,"Pomona, CA",1,4,0
Brentwood Healthcare Center,"Santa Monica, CA",5,2,0
Brethren Hillcrest Homes - Southwoods Lodge,"La Verne, CA",5,20,0
Briarcrest Nursing Center,"Bell Gardens, CA",14,32,1
Bridge at Valley Glen- Sober Living Home,"Valley Glen, CA",1,7,0
Brier Oak on Sunset,"Los Angeles, CA",2,1,0
Brightside Residential,"Pomona, CA",1,4,0
"Broadview, Inc.","Los Angeles, CA",7,0,0
Broadway Manor Care Center,"Glendale, CA",26,38,6
Brookdale Alhambra,"Alhambra, CA",7,0,0
Brookdale Central Whittier,"Whittier, CA",8,24,0
Brookdale Chatsworth (1),"Chatsworth, CA",17,38,5
Brookdale Chatsworth (2),"Chatsworth, CA",6,7,0
Brookdale Gardens of Tarzana,"Tarzana, CA",4,2,1
Brookdale Northridge SNF,"Northridge, CA",24,19,5
Brookdale Ocean House,"Santa Monica, CA",17,15,0
Brookdale Santa Monica Gardens,"Santa Monica, CA",2,5,0
Brookdale Uptown Whittier,"Whittier, CA",6,20,1
Brookdale Walnut,"Walnut, CA",1,1,0
Brookfield Healthcare Center (1),"Downey, CA",8,19,6
Brookfield Healthcare Center (2),"Downey, CA",17,19,3
Buena Ventura Post Acute Care Center,"Los Angeles, CA",14,14,2
Burbank Healthcare and Rehabilitation Center,"Burbank, CA",31,14,0
Burton Home,"West Hills, CA",3,6,0
California Healthcare and Rehabilitation Center,"Van Nuys, CA",44,30,3
California Mentor Meadcliff Home,"Diamond Bar, CA",0,1,0
California Mentor Rosemount Home,"Claremont, CA",5,1,0
California Mission Inn,"Rosemead, CA",6,18,3
California Post Acute Convalescent Center,"Los Angeles, CA",7,4,0
California Senior of Sherman Oaks,"Sherman Oaks, CA",1,2,1
Calvitacare1 Corp.,"West Covina, CA",2,1,0
Candlelight Home Bartlett,"Rosemead, CA",3,4,0
Canyon Crest,"Sun Valley, CA",5,5,1
Canyon Oaks Nursing and Rehabilitation Center,"Canoga Park, CA",35,65,10
Cardinal Yu Pin Manor,"Norwalk, CA",2,13,0
Carrie's Board and Care,"Panorama City, CA",2,5,2
Carson Senior Assisted Living and Memory Care,"Carson, CA",0,3,0
Casa Bonita Convalescent Hospital,"San Dimas, CA",31,33,0
Casa Colina Hospital - Rehabilitative Medicine,"Pomona, CA",3,8,0
Casa Del Corazon Sober Living,"Los Angeles, CA",3,6,0
Casa Fatima,"Huntington Park, CA",5,2,0
Casa Menendez,"Downey, CA",3,2,0
Casitas Care Center,"Granada Hills, CA",25,9,2
Catherine Home,"Bellflower, CA",0,2,1
Cedars Assisted Living,"Northridge, CA",9,21,2
Centinela Skilled Nursing & Wellness Centre West,"Inglewood, CA",6,4,0
Centinella Assisted Living Center,"Inglewood, CA",7,30,0
Cerritos Vista Healthcare Center (Previously Woodruff Convalescent Center),"Bellflower, CA",14,25,3
Chandler Convalescent Hospital,"Glendale, CA",24,10,0
Chatsworth Park Care Center,"Chatsworth, CA",17,11,1
Chino Valley Health Care Center (1),"Pomona, CA",30,28,3
Chino Valley Health Care Center (2),"Pomona, CA",0,1,0
Choices R Us - Bairnsdale,"Downey, CA",5,4,0
Choices R Us - Dunrobin,"Downey, CA",2,2,0
Choices R Us - Faust,"Downey, CA",3,3,0
Choices R Us - Hondo,"Downey, CA",7,3,0
Choices R Us - Spry,"Downey, CA",4,4,0
Choices R Us - Woodhue,"Pico Rivera, CA",0,4,0
Choices R Us - Zamora,"Los Angeles, CA",1,2,0
Christine's Retreat 3,"Reseda, CA",2,2,0
City View LA,"Los Angeles, CA",21,15,1
Clara Baldwin Stocker Home,"West Covina, CA",15,13,3
Clare Matrix Postpartum & Pregnant Women,"Santa Monica, CA",2,1,0
Clare Matrix Women's Treatment Center,"Santa Monica, CA",4,3,0
Claremont Care Center,"Pomona, CA",36,68,6
Claremont Manor Retirement Community,"Claremont, CA",25,5,1
Claremont Place Assisted Living,"Claremont, CA",15,14,2
Clarendon Senior Living 3,"Woodland Hills, CA",3,5,0
Clear View Convalescent Center (1),"Gardena, CA",13,42,1
Clear View Convalescent Center (2),"Gardena, CA",14,9,0
Clearwater at South Bay - Clearbrook Towers,"Torrance, CA",29,22,1
"CLIMB, Inc. RCFE - Pride Home","Sierra Madre, CA",3,6,0
Clontarf Manor Artesia,"Artesia, CA",3,33,0
CN Home #2,"Norwalk, CA",6,4,0
CN Home #6,"Lomita, CA",6,5,0
Coast Care Convalescent Center,"Baldwin Park, CA",18,38,3
"Coastal House, Inc.","Los Angeles, CA",3,4,2
Cold Springs Home,"Diamond Bar, CA",4,3,0
College Hospital Cerritos (1),"Cerritos, CA",52,50,0
College Hospital Cerritos (2),"Cerritos, CA",35,25,0
College Vista Post Acute (1),"Los Angeles, CA",22,32,2
College Vista Post Acute (2),"Los Angeles, CA",0,1,0
Colonial Gardens Nursing Home,"Pico Rivera, CA",20,9,0
Comfort Home #1,"North Hills, CA",2,3,0
Commonwealth Royale Guest Home,"Los Angeles, CA",4,16,0
Communication Improvement Center,"Mission Hills, CA",1,4,0
Community Bridge Home - Van Nuys,"Van Nuys, CA",0,4,0
"Community Care Center, Inc. (1)","Duarte, CA",74,114,1
"Community Care Center, Inc. (2)","Duarte, CA",2,7,0
Continental Post Acute,"Pomona, CA",6,0,0
Conwell Residential Facility,"Covina, CA",0,5,0
Coral Oaks Care Living,"Lynwood, CA",2,8,0
Country Inn of Downey,"Downey, CA",2,14,0
Country Oaks Care Center,"Pomona, CA",25,23,0
Country View Assisted Living,"West Covina, CA",14,63,3
Country Villa East Nursing Center,"Los Angeles, CA",22,23,4
Country Villa Los Feliz Nursing Center,"Los Angeles, CA",69,90,16
Country Villa Mar Vista Nursing Center,"Los Angeles, CA",26,25,4
Country Villa North Convalescent Center,"Los Angeles, CA",62,50,8
Country Villa Rehabilitation Center,"Los Angeles, CA",51,38,6
Country Villa Sheraton Nursing and Rehab Center,"North Hills, CA",18,29,0
Country Villa South Convalescent Center,"Los Angeles, CA",17,15,1
Country Villa Terrace Assisted Living,"Los Angeles, CA",5,7,3
Country Villa Terrace Nursing Center,"Los Angeles, CA",27,32,4
Country Villa Westwood Convalescent Center,"Los Angeles, CA",35,27,0
Country Villa Wilshire Convalescent Center,"Los Angeles, CA",30,60,2
Courtyard Care Center,"Signal Hill, CA",13,12,1
Courtyard Plaza,"Van Nuys, CA",8,7,1
Covina Rehabilitation Center,"Covina, CA",4,13,0
"CPES California, Inc. - Baird","Northridge, CA",7,3,0
"CPES California, Inc. - North Hills","North Hills, CA",2,2,0
Crebs Compassion Home,"Northridge, CA",0,3,0
"CRI-Help, Inc.","North Hollywood, CA",16,6,0
Crockett Home,"Sun Valley, CA",8,5,0
Cullen Home,"Whittier, CA",0,2,0
Culver West Health Center,"Los Angeles, CA",22,30,3
Dangerfield Home #2,"Los Angeles, CA",2,3,0
Daniel's Care Center,"Gardena, CA",4,4,0
Daniella's Home,"Torrance, CA",2,2,0
"David & Margaret Family Services, Winterhaven Home","La Verne, CA",4,4,0
Dawnview Home,"Pomona, CA",9,6,0
Del Mar Convalescent Hospital,"Rosemead, CA",3,9,2
Del Sol Home (Beach),"Bellflower, CA",1,3,0
Del Sol Home (Faust),"Lakewood, CA",2,1,0
Dela Vega ARF,"Northridge, CA",2,4,0
Delta Home Care III,"West Covina, CA",3,3,0
Desert Canyon Post Acute SNF,"Lancaster, CA",55,68,13
Dimondale Adolescent Care Facility #6,"Gardena, CA",2,0,0
"Discovery 4 (D4, Inc)","Los Angeles, CA",8,25,0
Downey Adult Home Care III,"Downey, CA",6,6,0
Downey Community Health Center,"Downey, CA",37,59,4
Downey Post Acute,"Downey, CA",51,48,8
Downey Retirement Center,"Downey, CA",27,39,7
Dreier's Nursing Care Center,"Glendale, CA",18,51,3
DSH - Metropolitan State Hospital (Forensic Unit 411),"Norwalk, CA",4,19,0
DSH - Metropolitan State Hospital (Forensic Unit 413),"Norwalk, CA",1,30,0
DSH - Metropolitan State Hospital Unit 106,"Norwalk, CA",8,24,0
DSH - Metropolitan State Hospital Unit 408,"Norwalk, CA",7,32,0
DSH - Metropolitan State Hospital Unit 410,"Norwalk, CA",2,10,0
DSH - Metropolitan State Hospital Unit 417,"Norwalk, CA",0,2,0
Eagle Dale Division,"Eagle Rock, CA",5,3,0
Easter Seals Dempsey Home,"Granada Hills, CA",3,1,0
Easter Seals Kenwood Home,"Burbank, CA",5,0,0
Eisenberg Village - GZ Bldg,"Reseda, CA",41,12,3
"El Dorado Oaks, Inc.","Glendora, CA",8,23,2
El Encanto Healthcare and Habilitation Center,"City of Industry, CA",9,1,0
El Rancho Vista Health Care Center,"Pico Rivera, CA",14,6,1
"Elim Healthcare, Inc.","Los Angeles, CA",14,50,9
Elmcrest Care Center (Valley View Post Acute),"El Monte, CA",19,27,2
Elwyn California Orange Grove,"Hacienda Heights, CA",2,0,0
Elwyn California Quartz,"Winnetka, CA",4,0,0
Elwyn California Yarmouth,"Granada Hills, CA",9,3,0
Elwyn NC Babcock,"Valley Village, CA",11,1,1
Elwyn NC Doreen,"Temple City, CA",2,0,0
Elwyn NC Kelvin 2,"Winnetka, CA",10,3,0
Elwyn NC Larrylyn,"Whittier, CA",9,3,0
Elwyn NC Mayall,"Northridge, CA",10,4,0
Emily's Home #5,"Carson, CA",2,3,0
"Emily's Residential Care Center, LLC","Sun Valley, CA",5,6,0
EPT Better Living,"Reseda, CA",4,2,0
Ettie Lee Homes - Oak Knolls,"Azusa, CA",2,2,0
Evergreen Retirement,"Burbank, CA",6,37,8
Evergreen Senior Care,"Alhambra, CA",3,6,0
Evolve Treatment Center Calabasas House,"Calabasas, CA",3,0,0
Fallbrook Glen of West Hills,"West Hills, CA",9,7,1
Fidelity Health Care,"El Monte, CA",35,60,4
Flair Senior Manor 1,"Woodland Hills, CA",1,3,1
"Flower Villa, Inc.","Los Angeles, CA",3,3,0
FMJVITACARE1 Corp.,"Rowland Heights, CA",1,2,0
Foothill Retirement Care Home,"Tujunga, CA",6,2,1
Fountain View Subacute and Nursing Center,"Los Angeles, CA",44,43,6
Fountainview at Eisenberg Village,"Reseda, CA",12,8,1
Fountainview at Gonda Westside,"Los Angeles, CA",35,14,1
Four Seasons Assisted Living Center,"Valley Village, CA",0,8,1
"Four Seasons Healthcare & Wellness Center, LP","Valley Village, CA",3,6,0
Fresh Start Sober Living,"Los Angeles, CA",0,14,0
Friends United,"Hawthorne, CA",2,1,0
"Friends United, LLC","Hawthorne, CA",3,3,0
Garden of Palms,"West Hollywood, CA",5,20,1
Garden View Post Acute Rehabilitation,"Baldwin Park, CA",24,45,1
Gardena Convalescent Center,"Gardena, CA",7,4,1
Garth Home,"Los Angeles, CA",7,3,0
Gateways Satellite North,"Los Angeles, CA",0,8,0
Gemly's Home Care III,"Glendora, CA",6,6,1
Genuine Care Adult Residential,"Los Angeles, CA",3,4,0
Gilmar Manor,"Van Nuys, CA",6,23,1
Gladstone Care and Rehabilitation Center,"Glendora, CA",29,8,0
Glen Park at Glendale - Boynton St,"Glendale, CA",0,7,0
Glen Park at Glendale - Mariposa St,"Glendale, CA",22,39,3
Glen Park at Monrovia,"Monrovia, CA",2,8,0
Glen Park at Valley Village,"Valley Village, CA",18,24,3
Glen Terra Assisted Living,"Glendale, CA",4,8,1
Glendale Carehome,"Glendale, CA",1,1,0
Glendale Healthcare Center,"Glendale, CA",22,24,0
Glendora Canyon Transitional Care Unit,"Glendora, CA",16,36,1
"Glenridge Center, #140","Glendale, CA",1,11,6
Golden Assisted Living,"Sylmar, CA",8,30,5
Golden Hills Retirement Center,"Tujunga, CA",0,3,1
Golden Legacy (Previously San Fernando Post Acute Hospital),"Sylmar, CA",34,4,0
Golden Manor Retirement Center,"Montebello, CA",5,15,0
Golden State Care Center,"Baldwin Park, CA",66,81,1
Golden State Colonial Healthcare Center,"North Hollywood, CA",13,7,0
Golden State Homes,"Los Angeles, CA",4,2,0
Good Company Residential Care,"Los Angeles, CA",1,2,0
Good Shepard Cottage,"Duarte, CA",5,0,0
Grace Pineda's Home II,"Covina, CA",2,3,0
Granada Hills Convalescent Hospital,"Granada Hills, CA",8,3,1
Granada Post Acute,"Lynwood, CA",32,30,6
Grancell Village of The Jewish Homes For The Aging,"Reseda, CA",40,37,18
Grand Park Convalescent Hospital,"Los Angeles, CA",25,37,6
Grand Valley Health Care Center,"Van Nuys, CA",20,14,4
Greater El Monte Community Hospital D/P SNF-South El Monte,"El Monte, CA",0,3,0
Green Acres Healthcare Center,"Rosemead, CA",20,39,0
Greenfield Care Center of South Gate,"South Gate, CA",15,2,0
Griffith Park Health Care Center,"Glendale, CA",44,57,6
Guardian Rehabilitation Hospital,"Los Angeles, CA",13,38,4
Hacienda Heights Community Home,"Hacienda Heights, CA",2,1,0
Halifax House,"El Monte, CA",4,3,0
Harbor Post Acute Care Center,"Torrance, CA",11,17,2
"Harmony Congregate Living, Inc.","North Hollywood, CA",1,2,0
Harriet House,"Altadena, CA",9,9,0
Harvard Creek Post Acute (Previously Royal Crest Health Care),"Covina, CA",25,41,5
Hathaway Sycamores,"Altadena, CA",15,9,0
Hawthorne Healthcare & Wellness Centre,"Hawthorne, CA",21,29,3
Health Right 360 Walden House,"Los Angeles, CA",18,77,0
Helen Evans Home,"Hacienda Heights, CA",24,23,0
Henry Mayo Newhall Hospital,"Valencia, CA",0,3,0
Heritage Home,"Carson, CA",6,1,0
Heritage Manor,"Monterey Park, CA",35,52,12
"Hi Hopes, Inc.","Torrance, CA",1,3,0
High Valley Lodge,"Sunland, CA",8,3,0
Highland Park Skilled Nursing & Wellness Centre,"Los Angeles, CA",39,49,0
Holiday House,"El Monte, CA",2,0,0
Holiday Manor Care Center,"Canoga Park, CA",25,71,12
Holiday Villa East,"Santa Monica, CA",3,29,3
Hollenbeck Palms Assisted Living Facility,"Los Angeles, CA",28,16,2
Hollenbeck Palms SNF,"Los Angeles, CA",13,5,0
Holliday's Helping Hands - Northridge,"Northridge, CA",9,19,0
Hollywood Presbyterian Medical Center D/P SNF,"Los Angeles, CA",8,1,0
Holy Hill - Carfax Home,"Bellflower, CA",0,2,0
Holy Hill - Somerset Home,"Bellflower, CA",1,1,0
"Home of Compassion No. 2, Inc.","Sylmar, CA",7,1,0
Home of TLC,"Downey, CA",1,3,0
Hoover Home,"Los Angeles, CA",3,3,0
Hope House For The Multiple-Handicapped,"El Monte, CA",9,13,0
Horace Assisted Living,"Granada Hills, CA",0,2,1
Hourglass Home,"Diamond Bar, CA",5,6,0
Huber House,"Bellflower, CA",6,3,0
Huntington Drive Health & Rehabilitation Center,"Arcadia, CA",35,64,6
Huntington Healthcare Center,"Los Angeles, CA",19,6,1
Huntington Park Nursing Center,"Huntington Park, CA",22,4,0
Imperial Care Center,"Studio City, CA",58,119,19
Imperial Crest Health Care Center,"Hawthorne, CA",25,25,4
Imperial Healthcare Center,"La Mirada, CA",59,45,4
Inclusion Specialized Programs Huntington House,"Pomona, CA",5,3,0
Infinity Care of East Los Angeles,"Los Angeles, CA",10,20,2
Inland Valley Care and Rehabilitation Center,"Pomona, CA",67,76,7
Inn at The Park Ventura,"Woodland Hills, CA",2,2,0
Intercommunity Healthcare & Rehabilitation Center,"Norwalk, CA",29,40,7
Iris Healing and Retreat,"Woodland Hills, CA",2,3,0
Ivy Creek Health Care Wellness Center,"San Gabriel, CA",33,54,10
J-J Excelcare Home 2,"Winnetka, CA",6,3,0
J&T Home Care,"Carson, CA",0,1,0
Jaire Home Vi,"Bellflower, CA",5,4,1
Jasmine Centers-Beach House,"Inglewood, CA",3,1,0
Joy Home Center,"Canoga Park, CA",7,4,0
Joyce Eisenberg-Keefer Medical Center,"Reseda, CA",85,52,14
"JWCH Institute, Inc. - Mini House","Los Angeles, CA",8,0,0
Kei-Ai Los Angeles Healthcare Center,"Los Angeles, CA",99,148,38
Kei-Ai South Bay Healthcare Center,"Gardena, CA",9,29,1
Kindred Hospital San Gabriel Valley,"West Covina, CA",0,3,0
Kingsley Manor Assisted Living,"Los Angeles, CA",25,47,5
Kokumah Everyday Grace,"Walnut, CA",1,3,0
La Brea Rehabilitation Center,"Los Angeles, CA",27,17,1
"La Crescenta Chateau/Nurtur, Inc.","Tujunga, CA",4,30,1
La Crescenta Healthcare Center,"La Crescenta, CA",35,43,6
Lake Balboa Care Center,"Van Nuys, CA",7,5,0
Lakeview Terrace,"Los Angeles, CA",37,48,0
Lakewood Gardens,"Downey, CA",22,47,8
Lakewood Healthcare Center,"Downey, CA",55,72,4
Lakewood Park Manor,"Downey, CA",0,14,0
Land of Peace 1,"West Hills, CA",2,4,0
Land of Peace 2,"West Hills, CA",0,4,1
Land of Peace 3,"West Hills, CA",2,6,0
Land of Peace 4,"West Hills, CA",1,5,0
Land of Peace 5,"West Hills, CA",2,6,0
Land of Peace 6,"West Hills, CA",2,4,0
Landmark Medical Center,"Pomona, CA",1,2,0
"Lark Spring Terrace, Inc.","Diamond Bar, CA",2,3,0
Las Flores Convalescent Hospital,"Gardena, CA",40,48,3
"Lavender Home, Inc.","Rosemead, CA",2,2,0
Le Bleu Chateau,"Burbank, CA",15,35,6
Le Bleu Chateau - Gold,"Burbank, CA",5,36,7
Leadwell Care Home,"Van Nuys, CA",3,4,0
Leisure Glen Post Acute Care Center,"Glendale, CA",22,18,0
Leisure Living #1,"Agoura Hills, CA",2,2,0
Leisure Vale Retirement Hotel,"Glendale, CA",5,4,0
Lighthouse Healthcare Center,"Los Angeles, CA",27,13,0
"Lin-Ros Best Home Care, Inc.","Lakewood, CA",4,5,0
Little Sisters of The Poor (SNF),"San Pedro, CA",15,19,5
Live Oak Rehabilitation Center,"San Gabriel, CA",61,76,29
Living Graceful,"Chatsworth, CA",3,4,0
Lomita Post Acute Care Center,"Lomita, CA",22,18,3
Lone Star Board & Care Tujunga,"Tujunga, CA",12,25,0
Longwood Manor Convalescent Hospital,"Los Angeles, CA",69,96,10
Los Angeles Community Hospital,"Los Angeles, CA",6,7,2
Los Angeles Community Hospital at Bellflower,"Bellflower, CA",45,10,0
Los Feliz Gardens,"Glendale, CA",12,55,13
Los Palos Post Acute Care Center,"San Pedro, CA",45,29,1
Lotus Care Center,"Los Angeles, CA",3,20,0
Louise House 4,"Palmdale, CA",2,0,0
Lubec Home II,"Downey, CA",11,3,2
Luxor Living,"Sherwood Forest, CA",2,1,1
Lynwood Post Acute Care Center (Previously Lynwood Healthcare Center),"Lynwood, CA",12,21,0
Maclay Healthcare Center,"Sylmar, CA",18,9,0
Magnolia Gardens Convalescent Hospital,"Granada Hills, CA",7,26,5
Marina Pointe Healthcare & Subacute,"Culver City, CA",32,19,2
Mariposa Home,"Los Angeles, CA",3,3,0
Marvin Gardens Re-Entry Facility,"Los Angeles, CA",6,8,0
Marycrest Manor,"Culver City, CA",24,5,1
Masonic Homes,"Covina, CA",14,11,0
Maywood Skilled Nursing & Wellness Centre,"Maywood, CA",27,10,0
MDH Christine,"Whittier, CA",1,2,0
MDH Coghill,"Whittier, CA",6,2,1
MDH Cornishcrest 2,"Whittier, CA",11,5,0
MDH Mar Vista,"Whittier, CA",3,1,0
MDH Specialized Care Homes 1 - Janine,"Whittier, CA",6,2,0
MDH Specialized Care Homes 1 - La Cima,"Whittier, CA",1,2,0
MDH Specialized Care Homes 3 - Vale,"Whittier, CA",2,1,0
Meadowbrook Behavioral Health Center,"Los Angeles, CA",15,31,0
Meadowbrook Senior Living Agoura Hills,"Agoura Hills, CA",21,22,3
Megan's Place,"North Hollywood, CA",0,4,0
Melrose Garden Assisted Living,"Los Angeles, CA",10,14,1
Melrose Villas,"Los Angeles, CA",13,24,0
Memorial Hospital of Gardena D/P SNF,"Gardena, CA",0,1,0
Mid Wilshire Health Care Center,"Los Angeles, CA",11,15,0
Miracle Mile Healthcare Center (Previously Beverly West Healthcare),"Los Angeles, CA",15,22,2
Mirada Hills Rehabilitation and Convalescent Hospital,"La Mirada, CA",63,78,14
Mission Care Center,"Rosemead, CA",29,48,8
Mitchell's Group Home #2,"Los Angeles, CA",2,4,0
Monrovia Gardens Healthcare Center,"Monrovia, CA",0,2,0
Monrovia Post Acute,"Duarte, CA",26,29,0
Monte Vista Healthcare Center,"Duarte, CA",23,33,2
Montebello Care Center,"Montebello, CA",53,72,6
MonteCedro Retirement Community,"Altadena, CA",5,2,0
"Montecito Heights Healthcare & Wellness Centre, LP","Los Angeles, CA",21,32,1
"Monterey Healthcare & Wellness Centre, LP","Rosemead, CA",7,2,0
Monterey Park Convalescent Hospital,"Monterey Park, CA",11,15,0
Montrose Healthcare Center,"Montrose, CA",0,5,0
Montrose Springs Skilled Nursing & Wellness Center,"Montrose, CA",21,20,0
Mother of Mercy Homes,"West Covina, CA",1,1,0
Motion Picture & Television Fund,"Woodland Hills, CA",34,16,1
Mount San Antonio Gardens,"Pomona, CA",6,9,0
Mountain View Center,"Claremont, CA",2,1,0
Mountain View Convalescent Hospital,"Sylmar, CA",13,6,1
Mountain View Cottages #1,"Diamond Bar, CA",2,4,0
"Mountview Assisted Living, Memory Care Unit","Montrose, CA",15,31,0
MVM Home,"Gardena, CA",8,2,1
Napoli in The Desert,"Palmdale, CA",8,7,0
National Support Services Home II,"North Hills, CA",4,0,0
Nazareth House,"Los Angeles, CA",3,6,0
New Vista Nursing and Rehabilitation Center (1),"Sunland, CA",6,5,0
New Vista Nursing and Rehabilitation Center (2),"Sunland, CA",4,2,0
New Vista Post-Acute Care Center,"Los Angeles, CA",20,27,0
Nikkei Senior Gardens,"Arleta, CA",4,9,7
North Lake Villa,"Altadena, CA",13,26,2
North Valley Nursing Center,"Tujunga, CA",50,47,7
North Walk Villa Convalescent Hospital,"Norwalk, CA",6,11,0
Northridge Care Center,"Reseda, CA",38,56,10
Northridge Villa For Elderly,"Northridge, CA",0,4,0
Norwalk Meadows Nursing Center,"Norwalk, CA",32,42,3
Norwalk Skilled Nursing & Wellness Centre,"Norwalk, CA",41,45,4
Nuestra Casa - Recovery Bridge Housing,"South Gate, CA",1,3,0
Oakmont of Santa Clarita,"Santa Clarita, CA",16,24,3
Oakmont of Whittier,"Whittier, CA",1,8,1
Ocean Pointe Healthcare Center,"Santa Monica, CA",25,25,3
Olive Branch Assisted Living (1),"Northridge, CA",0,3,0
Olive Branch Assisted Living (2),"Northridge, CA",9,32,0
Olive Vista Behavioral Health Center,"Pomona, CA",21,12,0
Olympia Convalescent Hospital,"Los Angeles, CA",14,37,0
"Optimist Youth Homes & Family Services - Community-Based Home, Eagle Rock","Los Angeles, CA",2,0,0
Optimum Performance Institute (OPI),"Woodland Hills, CA",8,2,0
Orion Long Term Offender Reentry Recovery,"Van Nuys, CA",1,6,0
Osage Healthcare & Wellness Centre,"Inglewood, CA",8,12,1
Otterbein House,"Rowland Heights, CA",4,3,0
Oxford Villa,"Los Angeles, CA",3,4,0
Pacific Post Acute,"Santa Monica, CA",18,37,2
Pacifica Hospital of The Valley D/P SNF,"Sun Valley, CA",9,1,0
Pacifica Senior Living Northridge,"Northridge, CA",3,10,0
Pacifica Senior Living Santa Clarita,"Santa Clarita, CA",21,36,11
Palazzo Post Acute,"Los Angeles, CA",5,3,0
Palm Court Independent Living,"Culver City, CA",17,14,2
Palm House,"La Verne, CA",1,4,0
Palms Retirement Community,"La Mirada, CA",1,2,0
Palos Verdes Health Care Center,"Lomita, CA",5,3,0
Palos Verdes Villa,"Rancho Palos Verdes, CA",15,65,5
Panorama Gardens Nursing and Rehabilitation Center,"Panorama City, CA",13,71,8
Paradise Palace II,"Hawthorne, CA",2,2,0
Paramount Convalescent Hospital,"Paramount, CA",40,45,10
Park Avenue Healthcare & Wellness Center,"Pomona, CA",42,19,3
Park Paseo Independent Living,"Glendale, CA",0,4,1
Parkview Manor,"Los Angeles, CA",8,1,0
Parkwest Healthcare Center SNF,"Reseda, CA",26,5,1
Pasadena Park Healthcare & Wellness Center,"Pasadena, CA",25,40,0
Pate & Ingram Home 1,"Inglewood, CA",0,3,0
Patterns,"Hawthorne, CA",1,1,0
Penn Mar Therapeutic Center,"El Monte, CA",18,4,0
Penny Lane Center,"North Hills, CA",7,2,0
"Penny Lane Centers, Sat House #2","North Hills, CA",3,0,0
People's Care Ferrero,"La Puente, CA",9,2,0
People's Care Home on Croft,"Los Angeles, CA",3,3,1
People's Care Kaiser San Gabriel Home,"San Gabriel, CA",7,4,0
People's Care Kaiser Specialized Residential Alhambra,"Alhambra, CA",5,0,0
People's Care Kaiser Specialized Residential Monterey Park,"Monterey Park, CA",5,3,0
People's Care Viola,"Pomona, CA",13,3,0
Percy Village,"Los Angeles, CA",14,6,0
Phoenix Empowerment Sober Living,"Downey, CA",1,7,0
Pico Rivera Gardens,"Pico Rivera, CA",11,26,0
Pico Rivera Healthcare Center,"Pico Rivera, CA",11,14,0
PIH Health Good Samaritan Hospital,"Los Angeles, CA",9,3,3
PIH Health Hospital - Whittier Barlow Respiratory Hospital,"Whittier, CA",0,1,0
PIH Health Hospital - Whittier D/P SNF,"Whittier, CA",1,2,0
PIH The Hospice House Presbyterian Intercommunity (Rose House),"Whittier, CA",3,0,0
Pilgrim Place Health Services Center,"Claremont, CA",12,3,0
"Pine Grove Healthcare & Wellness Centre, LP","San Gabriel, CA",24,40,1
Playa Del Rey Center,"Playa Del Rey, CA",15,11,1
Prestige Assisted Living,"Lancaster, CA",5,1,0
Primrose Post-Acute,"Inglewood, CA",15,7,0
Project Six DD Homes,"North Hills, CA",2,2,0
Prospect Manor,"South Pasadena, CA",3,14,1
Prototypes in Pomona,"Pomona, CA",13,1,0
Providence Cedars-Sinai Tarzana Medical Center,"Tarzana, CA",2,4,0
Providence Holy Cross Medical Center D/P SNF,"Mission Hills, CA",0,3,0
Providence Little Company of Mary Medical Center - San Pedro,"San Pedro, CA",3,5,0
Providence Little Company of Mary Sub Acute Care Center,"San Pedro, CA",23,2,0
Providence Little Company of Mary Transitional Care Center,"Torrance, CA",11,2,3
Providence St. Elizabeth Care Center,"North Hollywood, CA",13,29,0
Puente Home,"West Covina, CA",7,4,0
Ramona Nursing and Rehabilitation Center,"El Monte, CA",60,36,0
Ramsgate Home,"Los Angeles, CA",13,3,1
Rancho San Antonio Boys Home,"Chatsworth, CA",32,19,0
Red Roses Villa/Villa Luren,"Whittier, CA",1,16,0
Redeemer Home III,"West Covina, CA",4,4,0
Redell Pine,"Monrovia, CA",2,5,0
Reflection Substance Use Disorder Facility,"Bellflower, CA",0,4,0
Regency Grand at West Covina (Assisted Living and Memory Care),"West Covina, CA",14,10,0
Regency Manor,"Los Angeles, CA",1,14,0
Renteria Home,"Carson, CA",4,6,0
Rio Hondo Subacute & Nursing Center,"Montebello, CA",16,11,1
Riviera Healthcare Center (1),"Pico Rivera, CA",7,10,1
Riviera Healthcare Center (2),"Pico Rivera, CA",10,7,1
RMD Homes - Casa Bonita,"Whittier, CA",5,4,0
Robinson Manor,"Altadena, CA",0,2,0
Rolyn Home,"Norwalk, CA",3,4,0
"Rose Senior Care, Inc.","Porter Ranch, CA",6,3,2
Rose Valley Arcadia,"Arcadia, CA",2,0,0
Rose Valley Garfias,"Pasadena, CA",3,3,0
Rose Villa Healthcare Center,"Bellflower, CA",18,11,0
Rosecrans Villa,"Hawthorne, CA",6,14,1
Royal Bellingham,"Valley Village, CA",6,35,5
Royal Gardens Healthcare,"Alhambra, CA",2,4,0
Royal Oaks (Assisted Living),"Duarte, CA",7,11,6
Royal Oaks Manor - Bradbury Oaks (SNF),"Duarte, CA",9,23,0
Royal Palms Post Acute,"Glendale, CA",18,8,2
Royal Terrace Healthcare,"Duarte, CA",8,6,0
Sails Newcastle,"Granada Hills, CA",3,1,0
Saint Anne's Maternity Home,"Los Angeles, CA",23,11,0
Sakura Gardens of Los Angeles,"Los Angeles, CA",17,19,3
Salvation Army Alegria,"Los Angeles, CA",2,3,1
Salvation Army Hope Harbor,"Los Angeles, CA",10,14,2
San Bernardino House,"Pomona, CA",1,4,0
San Dimas Retirement Center,"San Dimas, CA",6,28,2
San Gabriel Children Center,"Azusa, CA",3,2,0
San Gabriel Convalescent Center,"Rosemead, CA",39,79,19
Santa Anita Convalescent Hospital,"Temple City, CA",84,106,13
Santa Anita Retirement & Assisted Living Center,"Temple City, CA",10,13,5
Santa Clarita Post Acute Care Center SNF,"Newhall, CA",40,52,10
Santa Fe Lodge Skilled Nursing Facility,"El Monte, CA",12,23,0
Santa Teresita Manor,"Duarte, CA",28,11,0
Scholl Canyon Estates,"Glendale, CA",7,19,4
Seacrest Convalescent Hospital,"San Pedro, CA",15,9,0
Sepulveda Residential,"Van Nuys, CA",0,3,0
Serene Abode Adult Residential Facility,"Whittier, CA",2,3,0
Serento Casa (Previously Brookdale San Dimas),"San Dimas, CA",7,15,0
Shalev Senior Living 4,"Valley Glen, CA",2,0,0
Sharon Care Center,"Los Angeles, CA",40,54,9
Sherman Oaks Congregate Center,"Sherman Oaks, CA",0,5,1
Sherman Oaks Health & Rehabilitation Center (1),"Sherman Oaks, CA",32,40,9
Sherman Oaks Health & Rehabilitation Center (2),"Sherman Oaks, CA",0,1,0
Sherman Village Healthcare Center,"Valley Village, CA",73,66,6
Sierra View Care Center,"Baldwin Park, CA",20,31,3
Silverado Beach Cities,"Redondo Beach, CA",5,0,0
Silverado Beverly Place,"Los Angeles, CA",8,3,0
Silverado Calabasas Assisted Living,"Calabasas, CA",9,32,3
Silverado The Huntington Memory Care Community,"Alhambra, CA",35,37,14
Sisters of Social Services,"Encino, CA",2,4,2
Skyline Healthcare Center - Los Angeles,"Los Angeles, CA",27,57,7
Sober Living / Texas Recovery,"Tarzana, CA",1,6,0
Solheim Senior Community (RCFE),"Los Angeles, CA",24,45,0
South Bay Senior Living,"Torrance, CA",13,39,0
South Pasadena Care Center,"South Pasadena, CA",10,6,0
Southern California Assisted Living,"La Puente, CA",1,3,0
"Southern California Hospital Van Nuys, Health Care System Unit 2","Van Nuys, CA",6,1,0
Southland Care Center,"Norwalk, CA",74,79,13
Southland Living,"Norwalk, CA",4,9,0
Spring Meadows Home,"Lancaster, CA",3,5,1
Springville,"Baldwin Park, CA",2,8,1
St. John of God Retirement and Care Center (SNF),"Los Angeles, CA",57,46,9
St. Lucy's Home,"Baldwin Park, CA",2,3,0
"St. Mary's Home, ICF-DDN","La Puente, CA",5,4,0
Stoney Point Healthcare Center,"Chatsworth, CA",33,26,8
Strata Bella (Norwalk) Corporation,"Norwalk, CA",6,4,0
Studio City Rehabilitation Center,"Studio City, CA",52,48,0
Sunny Village Care Center,"Alhambra, CA",39,61,29
Sunnyside Nursing Center,"Torrance, CA",24,7,0
Sunnyview Care Center,"Los Angeles, CA",12,1,0
Sunray Health Care Center,"Los Angeles, CA",41,20,5
Sunrise at Palos Verdes,"Torrance, CA",22,17,0
Sunrise at San Marino (1),"San Gabriel, CA",3,0,0
Sunrise at San Marino (2),"San Gabriel, CA",7,0,0
Sunrise at Sterling Canyon,"Santa Clarita, CA",15,3,1
Sunrise of Claremont,"Claremont, CA",8,1,0
Sunrise of Playa Vista,"Playa Vista, CA",5,16,0
Sunrise of Studio City,"Studio City, CA",4,3,0
Sunrise of West Hills,"West Hills, CA",18,9,0
Sunrise of Woodland Hills (1),"Woodland Hills, CA",3,0,0
Sunrise of Woodland Hills (2),"Woodland Hills, CA",24,17,2
Sunshine Cottage,"Lakewood, CA",2,4,0
Supercare Guest Home,"La Mirada, CA",1,4,0
Sylmar Health and Rehabilitation Center,"Sylmar, CA",61,68,0
Tarzana Health and Rehabilitation Center,"Tarzana, CA",43,35,2
Tarzana Treatment Center,"Tarzana, CA",10,74,0
Tarzana Treatment Center - Lancaster,"Lancaster, CA",0,14,0
Teen Challenge Ministry Institute,"South Gate, CA",4,40,0
Temple City Healthcare,"Arcadia Uninc., CA",23,44,1
Temple Park Convalescent Hospital,"Los Angeles, CA",53,82,22
Terraza Court,"Culver City, CA",13,35,2
The Bungalow,"Pasadena, CA",4,6,4
The Canterbury (RCFE),"Rancho Palos Verdes, CA",28,7,2
The Care Center on Hazeltine (Previously Van Nuys Health Care Center),"Van Nuys, CA",34,34,0
The Caring Bunch,"Granada Hills, CA",8,6,0
The Colony - Valley Glen 1,"Valley Glen, CA",2,0,0
The Commons at Woodland Hills,"Woodland Hills, CA",29,38,8
The Earlwood,"Torrance, CA",14,15,1
The Gardens of El Monte (Previously Idle Acre Sanitarium & Convalescent Hospital),"El Monte, CA",16,2,0
The Grandview,"Los Angeles, CA",7,10,0
The Grove at Cerritos (RCFE),"Cerritos, CA",10,15,0
The Grove Post-Acute Care Center,"Sylmar, CA",14,18,2
The Havens at Antelope Valley,"Lancaster, CA",9,21,0
The Heights at Burbank,"Burbank, CA",22,14,0
The Orchard Post Acute Care,"Whittier, CA",46,80,14
The Rehabilitation Center of Santa Monica,"Santa Monica, CA",29,27,2
The Rehabilitation Centre of Beverly Hills,"Los Angeles, CA",41,40,10
The Rowland,"Covina, CA",0,1,0
The Royal Garden Board and Care,"Valley Glen, CA",4,1,0
The Terraces at Park Marino,"Pasadena, CA",8,11,0
The Village at Northridge,"Northridge, CA",31,17,1
The Village at Sherman Oaks,"Sherman Oaks, CA",1,3,1
The Village at Sherman Oaks Memory Care Unit,"Sherman Oaks, CA",44,6,2
The Watermark of Beverly Hills,"Beverly Hills, CA",3,10,1
Thoreau House 1,"Los Angeles, CA",3,2,0
Thoreau House 2,"Los Angeles, CA",4,0,0
Tijay Crisis Center,"Los Angeles, CA",0,1,0
TLC Community House,"West Hills, CA",5,4,0
TLC Donna House,"Northridge, CA",4,4,0
TLC Kronenthal House,"Reseda, CA",14,12,0
TLC Lindley House 2,"Reseda, CA",7,3,0
TLC Rinaldi House,"Granada Hills, CA",9,6,0
Topanga Terrace Convalescent Center (1),"West Hills, CA",33,27,4
Topanga Terrace Convalescent Center (2),"West Hills, CA",1,1,0
"Torrance Care Center West, Inc.","Torrance, CA",17,6,1
"Total Care Residential, Inc.","Cerritos, CA",6,4,0
Tracy's Boarding Care - Hiawatha,"Granada Hills, CA",0,1,1
Transitional Sober Living,"Lakewood, CA",0,3,0
Trinity Services El Monte,"El Monte, CA",5,3,0
Turner's Residential Facility,"Palmdale, CA",1,4,0
Twelve Oaks Senior Living,"La Crescenta, CA",11,13,1
United Cerebral Palsy Bradley House,"Sylmar, CA",10,3,0
United Cerebral Palsy Harbor Home,"Lomita, CA",10,2,0
United Cerebral Palsy Max Factor House,"Chatsworth, CA",6,6,0
United Cerebral Palsy Mission House,"Northridge, CA",8,5,0
United Cerebral Palsy Newport House,"Chatsworth, CA",4,3,0
United Cerebral Palsy Ranch House,"Sylmar, CA",3,3,0
United Cerebral Palsy White Oak House,"Northridge, CA",8,4,0
VA Greater LA Healthcare System,"Los Angeles, CA",8,11,0
Vagthol's Home #1,"Los Angeles, CA",6,4,0
Valley Manor Guest Home,"North Hollywood, CA",7,14,0
Valley Palms Care Center,"North Hollywood, CA",2,21,1
Valley View Retirement Center,"Panorama City, CA",2,21,0
Valley Village Altano House,"Sylmar, CA",10,8,0
Valley Vista Nursing and Transitional Care LLC,"North Hollywood, CA",47,52,2
Valley Vista Senior Living,"Van Nuys, CA",5,4,1
Vermont Healthcare Center,"Torrance, CA",33,21,0
Vernon Healthcare Center,"Los Angeles, CA",37,39,2
Veterans Home of California - Lancaster,"Lancaster, CA",10,4,1
Veterans Home of California - West Los Angeles,"Los Angeles, CA",84,46,7
Victoria Care Center,"Baldwin Park, CA",12,13,1
Victorious Residential Home,"La Puente, CA",2,3,0
Viewcrest Congregate Living,"North Hollywood, CA",6,4,0
Villa Del Rio Convalescent Center,"Bell Gardens, CA",22,3,0
Villa Del Rio Gardens Care Center,"Bell Gardens, CA",16,17,0
Villa Elena Healthcare Center,"Norwalk, CA",32,55,0
Villa Scalabrini,"Sun Valley, CA",12,15,0
Virgil Rehabilitation and Skilled Nursing Center,"Los Angeles, CA",15,20,4
"Vista Care Home, Inc.","Mission Hills, CA",3,1,0
Vista Cove at San Gabriel (Previously Royal Vista San Gabriel),"San Gabriel, CA",0,6,0
Vista Del Sol Care Center,"Los Angeles, CA",8,10,0
Vista Veranda,"Lynwood, CA",14,14,0
Washington Home of Sacred Living,"Los Angeles, CA",1,4,0
Watts Health Foundation Uhuru House,"Los Angeles, CA",12,15,0
Wauls Small Family Home,"Palmdale, CA",2,3,0
Wayfinder Family Services,"View Park, CA",4,0,0
Wayfinder Family Services (Transitional Unit),"View Park, CA",4,0,0
Welbrook Senior Living Santa Monica,"Santa Monica, CA",27,34,13
Wellsprings Post Acute Center (1),"Lancaster, CA",78,129,18
Wellsprings Post Acute Center (2),"Lancaster, CA",4,7,0
West Covina Healthcare Center,"West Covina, CA",27,37,4
West Gardena Post Acute,"Gardena, CA",4,1,0
West Haven Healthcare Center,"West Covina, CA",5,14,0
West Hills Health and Rehabilitation Center,"Canoga Park, CA",28,41,3
West Valley Assisted Living,"West Hills, CA",2,4,0
West Valley Post Acute,"West Hills, CA",11,25,3
Western Convalescent Hospital,"Los Angeles, CA",53,48,10
Westlake Convalescent Hospital,"Los Angeles, CA",16,1,0
Westport Home,"Littlerock, CA",1,1,1
Westside Manor,"Los Angeles, CA",2,0,0
White Oak Congregate Living Facility,"Northridge, CA",3,2,1
Whittier Glen Assisted Living,"Whittier, CA",19,45,4
Whittier Hills Health Care Center,"Whittier, CA",53,88,19
"Whittier Nursing and Wellness Center, Inc.","Whittier, CA",2,3,0
Whittier Pacific Care Center,"Whittier, CA",3,15,3
Windsor Care Center of Cheviot Hills,"Los Angeles, CA",18,16,0
Windsor Gardens Convalescent Center (Camino Healthcare),"Hawthorne, CA",18,35,0
Windsor Gardens Convalescent Hospital (1),"Los Angeles, CA",2,2,0
Windsor Gardens Convalescent Hospital (2),"Los Angeles, CA",19,24,6
Windsor Gardens Healthcare Center of The Valley,"North Hollywood, CA",36,66,6
Windsor Manor (Assisted Living),"Glendale, CA",2,12,0
Windsor Manor (SNF),"Glendale, CA",3,1,0
Windsor Palms Care Center of Artesia,"Artesia, CA",97,227,15
Windsor Terrace Healthcare Center,"Van Nuys, CA",56,37,4
Woodland Care Center,"Reseda, CA",55,67,20
Woodlawn Park,"Lynwood, CA",2,4,0
Woodruff Care Home,"Bellflower, CA",0,2,1
Wyland House,"Monrovia, CA",2,1,0
York Healthcare & Wellness Centre,"Los Angeles, CA",30,35,3
